name,id,position,team,projection,fb_salary
John Wolford,MkPvvbYvaVNNPxdSnPAYxFKkEa0Y,QB,ARI,19.17,5900
Garrett Gilbert,MqGd44MUMsf1cWf9eclgu5gZxo_b,QB,ORL,18.12,6800
Mike Bercovici,Mlx6Z1X5i5Av-jLpFjMD0O5wHPBX,QB,SD,17.63,6000
Logan Woodside,MiUKbbFISV5aL8sntaxSOLtUpPRE,QB,SA,15.15,5700
Luis Perez,Mm7AJ6Byhebu0DEBXteDAaFkzjWH,QB,BIR,14.9,5800
Josh Woodrum,Mg7ESCLcQeEi-Z0oZGFiwY2--zlS,QB,SL,14.88,5600
Aaron Murray,MrCulWiIV_vBdrkYTrojBDpun75X,QB,ATL,12.15,6300
Brandon Silvers,Mnkh1iQb4Y5isX532bIn6EImwKO-,QB,MEM,8.35,5400
Trent Richardson,MjiTEx33U92uj4oT_o0nS86vlwP9,RB,BIR,14.73,7800
Zac Stacy,MjQz3RHcgjyoXXVYFkrbYJBL3yvn,RB,MEM,13.64,6600
Joel Bouagnon,MoIfI6pzRT6PEupCPEz5uDPNSp9E,RB,SL,12.24,6200
D'Ernest Johnson,MgWqgIYh39TaLl2VCdS8tsfiVWxV,RB,ORL,12.04,5300
"Kenneth Farrow, II",MsQPaUeKdRzJSNKUmf9eYi6fhFDv,RB,SA,10.93,6000
Jhurell Pressley,Mqov-trF95R18wq3KsfAxd4YinmG,RB,ARI,10.84,5400
Tarean Folston,Mr5k7hAZFnvFAoDhfOnpMECSCZeC,RB,ATL,9.89,5600
De'Veon Smith,MrcbTGRfExX6jV5TIlzBA0U5Hj2E,RB,ORL,7.84,4800
Tim Cook,Mhbe28QXW-wYnR-q3KPOP8y4ydgD,RB,ARI,7.84,4300
Ja'Quan Gardner,Mqs-U1gQrf9_eTiz3LS8GR68hjsZ,RB,SD,7.68,4700
Terrell Watson,MkpRgd5SNWd31jHiLxntSELkwYKP,RB,SD,7.46,4700
Brandon Radcliff,MpewpcPmXWw7dlR2o48Yu7NOKPbQ,RB,ATL,7.45,4900
Akeem Hunt,Muh23P6Whs1oYp8njPCCEt0psh-G,RB,ORL,6.94,3700
Trey Williams,Mv1x5oSVJFjxcBN5MwJ58Fp7WOcf,RB,SA,6.75,4200
Justin Stockton,Msab37KDSF5Dmhxdpo2luJzxkEiP,RB,ARI,5.28,3600
Terrence Magee,Mv5aLcnX86bjZaa2ms87A1SdYdZd,RB,MEM,5.21,3200
Ty Isaac,MsyVDBtdKsgCYjpATLWxD0sH7Blm,RB,BIR,3.59,3000
Terrell Newby,MhpQ_EdOOdPGE72Xu2X1U6pw4jKi,RB,SL,3.42,3200
Aaron Green,MsbPuETToV8YVFQPwTrERk9SgJlw,RB,SA,3.19,3000
Denard Robinson,Mg_WjBJbfsSmhgblX-ChTqgx2QNj,RB,ATL,2.99,3300
Bishop Sankey,MvqJnkN5sh8Byg8HsPF622BBTKGd,RB,SD,2.86,3500
Marshaun Coprich,MpF9nUlq2CazMaVnaXVN9Cxnes98,RB,BIR,2.73,3100
Terron Ward,MriNVkKuGd_7mZC31wwRWv2aZvyt,RB,SL,2.11,3100
Brandon Ross,MsWlWGFivq3_ThVsuPkEYl2t2gMZ,RB,BIR,1.69,3000
Daryl Virgies,MifcVNUPmkPBkNJNCxsnoFmIi0mj,RB,MEM,1.26,3000
Anthony Manzo-Lewis,MsSW7k2bvNdN0P0l5GxNqN339QSX,RB,MEM,0.63,3000
Rashad Ross,Mm7snAx05W5tu1iKEJZ1r5GxNG-z,WR,ARI,14.15,7100
Charles Johnson,Mvos-CiReB7Xgv_4M0LSY8WsAuH8,WR,ORL,13.92,7700
Mekale McKay,MpRddErY_E8R7jc9BtPv9XlGkorE,WR,SA,12.26,6400
Richard Mullaney,MkJMaeehojJ_G2FTn43DdskqOBtE,WR,ARI,10.88,4400
Jalin Marshall,MmdTzyAXr_06YKM9MvkpiX6Pysbd,WR,ORL,10.55,6100
De'Mornay Pierson-El,MhUElmUUm5ItoKzS_lLIuWNenhRM,WR,SL,9.23,5800
Quinton Patton,MvmOLxRYf5EpHnnw3KboJ64aj5U8,WR,BIR,9.13,5600
L'Damian Washington,MpyqEM1_gXIsD4IUZIqZWH4orGOo,WR,BIR,8.65,5700
Reece Horn,MhRTrUtStQOpZRmQASCkBgV0fhIJ,WR,MEM,8.46,5900
Nelson Spruce,MtpaAkW1xD2OB6d8qJ8wyp5wSx5_,WR,SD,8.23,5400
"Greg Ward, Jr.",Mk4IH3V19RPzqhXq-wefiCcKGCg6,WR,SA,7.84,3800
Seantavius Jones,MgXuu1IplE-oQRh9H5EBHX0Uzs_J,WR,ATL,7.27,5500
Brian Brown,MjQdQplRusHyVzncTteLcd_4RdB4,WR,SD,7.27,4000
Francis Owusu,MluzUXObHhe2cAWPPHcb4G54tlKb,WR,SD,6.66,3600
Rannell Hall,MtrMUn2A9gmLtX-r9HO6AkYUy6XR,WR,ORL,6.41,4800
Malachi Jones,MmuNa1g5wLa6Qj-ndC8Iav3eT1xT,WR,ATL,6.34,5200
De'Marcus Ayers,MuzB8aju0aGjhWzwt81_5-k3bWva,WR,SA,6.32,4000
Bug Howard,Mq-GmGW4EfGjMYsrlxSJKz4Rpa6d,WR,ATL,6.02,3300
Adonis Jennings,MnhMeRsiWw6LMqSeT11jQLPbC19v,WR,SL,5.91,4200
Freddie Martino,MrbAjODhVSr6W7hTaAmC8u0WN9pK,WR,ARI,5.79,4100
Tobias Palmer,Mumm8PK_wY3MZXSOMTik0hsIp6Ly,WR,BIR,5.51,3500
Brian Tyms,MhfUsZoRzun-PJwfaZuaJS10nFTd,WR,SL,5.39,3100
Devin Lucien,Mg8t9oQKqwdsKIyXSmqRSW_X70cM,WR,MEM,5.33,3800
Justin Thomas,MiIK7hSbu0NBdYcQyeRrXYckoMiR,WR,ATL,5.27,3700
Amba Etta-Tawo,Ml9cOZHecV3pc9mEGX4ZR4Y6ZkMB,WR,BIR,5.13,3000
"Alton ""Pig"" Howard",MnFNOyNyHw3fXrcKp2lxuEu1-nwP,WR,MEM,5.1,3600
Marquis Bundy,MvMPK87RjthDpgkxi-5PMRJI56FG,WR,ARI,5.07,3200
Kenny Bell,MuShKYY0K9EeX6CMhI3AqqdV8t4e,WR,SL,5.02,3300
Chris Thompson,Mlkn1pQPSwR3LemN-XCL48ySzaYZ,WR,ORL,4.73,3200
Alonzo Moore,MuFzhKGMHfLzIjrXrapTwDVc1-nX,WR,SA,4.71,3500
Jordan Leslie,MnvL6-GbEKvM2KNii88YtoXpeeCF,WR,SL,4.26,3700
James Quick,MjqXp-M0egZj0qqf9VW--WdOhYOU,WR,ATL,3.58,3200
Gerrard Sheppard,Mpc5pPtq5oFQrAk8nDVXnbKV4P1D,WR,MEM,3.46,3300
Sam Mobley,MgL4D_RHJ9sR9_cgr7jc_wknKh73,WR,SL,3.03,3000
Montay Crockett,Mk5lf0dU6nBJfH5Gbsl59VPbwcyu,WR,ATL,2.82,3400
Ervin Philips,Mkzk3MIyF7JAQcd78N4W7Duh2SUq,WR,ATL,2.59,3000
DeVozea Felton,MsPpBdm_TA_D_k1EJ62-ovlO9mah,WR,BIR,2.54,3100
Laquvionte Gonzalez,Mvj-Md_UANIB0mUeSN6xIge4-xEg,WR,SD,2.12,3000
Donteea Dye Jr.,MrxsVJwCGFXBajsksqfAYwPZbFtK,WR,ORL,2.03,3100
Anthony Amos,MrSQS2wxF2mfqsspmu9k1xp0T5Ua,WR,ARI,1.53,3000
Jamal Robinson,Mmo4mbAD4Ss39YqyP4QDa78tOgyo,WR,BIR,1.26,4300
Ishmael Hyman,MlV-02inUXrsEEpYRJOewDTYBKEj,WR,ORL,1.08,3100
John Diarse,Mouig89pVdE03nmLvHe4S9gpJ01y,WR,SA,0.78,3000
Gavin Escobar,MpWMIkFb1L5PEgV4vYswWm1p0gEO,TE,SD,7.69,4100
"Wes Saxton, Jr.",MkXtS_Yu0mkc3BP5bNBQeSCOTJvC,TE,BIR,7.5,4000
Marcus Baugh,MnSbN3NKTWGgbhSjjM2pzQ_20YJd,TE,SD,5.86,3400
Keith Towbridge,Mof0DIIcKBs9BlqLq7I1kGSR4pnx,TE,ATL,5.46,4400
Anthony Denham,MugplZamc2FccLEXfQhqTP78rMH0,TE,SL,5.44,3300
Nick Truesdell,MnZyXGX8iVvUgvjJtqLho4ON0yH6,TE,SL,5.29,5100
Evan Rodriguez,Mp30XHE6WaeCGjZAycOZ50NgWvu2,TE,SA,4.76,3300
Gerald Christian,MrC-mlcr-mSePbIBVLTOeXgH2s6b,TE,ARI,4.76,3200
Ben Johnson,Mnc8xISXCM-ArpeuLVABzhBG1xBr,TE,SD,2.9,3800
Scott Orndoff,Moi9AWTLwLF-WmHNRk8tzww8hRT8,TE,ORL,2.65,3900
Brandon Barnes,Mg89OyTmItplfDaiI18qnQn6A-Kr,TE,MEM,2.05,3100
Thomas Duarte,Mpz1d05mfi4t5VeyehpsANqewBsr,TE,ARI,2.03,3600
Cam Clear,MjpjYSya6_frsZ8aGk_iDyL66DDV,TE,SA,1.86,3700
Matt Weiser,Mljhybw7om52eXm6ZeD_ANOK77jn,TE,ORL,1.32,3200
Colin Thompson,Mg1HYIc4h7TNc18_eROYoQ_2IyJC,TE,BIR,1.28,3000
Stehly Reden,Mgb_UtvY7qtHpPKINg1QkU5ov9OJ,TE,SA,1.12,3200
Connor Hamlett,MsuqKLUycZ4oZeSa_8mp-GpOy_Gd,TE,ARI,0.74,3000
Adrien Robinson,MmMr1PqQzXo0ZVHk39O2j4ktgFhu,TE,MEM,0.68,3000
Sean Price,MkiXHB9MYn5EIMB45S7Fibn3RG3M,TE,ORL,0.66,3400
Charles Standberry Jr.,Mm2ZwVxSGkw3OqT1GyqzErHBxJeK,TE,ATL,0.51,3000
Weslye Saunders,MqGR0OsIc73esNR_54QUDDV-b4cW,TE,BIR,0.41,3000
Austin Traylor,MruASXlN9ksMnvFg3zcDg_6dISTx,TE,SL,0.32,3000
Tanner Balderree,MmIr6_Tggdgd2yO-XQnxLDtzVPS1,TE,SL,0.23,3000
