id,name,team,opponent,event_start,position,salary
Mso-Sk88_bEryhmiW_TmsarMRb5M,Greg Ducre,SD,BIR,20:00 2019-03-17,RB,3000
MhU-3EcWuyvIJl2XIcCZ67zFaEwY,Kalais Robinson,BIR,SD,20:00 2019-03-17,TE,3000
MjQdQplRusHyVzncTteLcd_4RdB4,Brian Brown,SD,BIR,20:00 2019-03-17,WR,4800
MhCa7JbTmkeS_XZiwQNVy6GSLB-j,Aaron Peck,SD,BIR,20:00 2019-03-17,TE,3000
MjiTEx33U92uj4oT_o0nS86vlwP9,Trent Richardson,BIR,SD,20:00 2019-03-17,RB,7500
MkXtS_Yu0mkc3BP5bNBQeSCOTJvC,"Wes Saxton, Jr. ",BIR,SD,20:00 2019-03-17,TE,4200
Mmo4mbAD4Ss39YqyP4QDa78tOgyo,Jamal Robinson,BIR,SD,20:00 2019-03-17,WR,3000
MsPpBdm_TA_D_k1EJ62-ovlO9mah,DeVozea Felton,BIR,SD,20:00 2019-03-17,WR,3100
MsWlWGFivq3_ThVsuPkEYl2t2gMZ,Brandon Ross,BIR,SD,20:00 2019-03-17,RB,3400
Mumm8PK_wY3MZXSOMTik0hsIp6Ly,Tobias Palmer,BIR,SD,20:00 2019-03-17,WR,4200
MkpRgd5SNWd31jHiLxntSELkwYKP,Terrell Watson,SD,BIR,20:00 2019-03-17,RB,4400
MluzUXObHhe2cAWPPHcb4G54tlKb,Francis Owusu,SD,BIR,20:00 2019-03-17,WR,3100
Mlx6Z1X5i5Av-jLpFjMD0O5wHPBX,Mike Bercovici,SD,BIR,20:00 2019-03-17,QB,5300
Ms7obZS7dFXxIdQMVfg1WsQJeF3y,Dontez Ford,SD,BIR,20:00 2019-03-17,WR,6300
MpyqEM1_gXIsD4IUZIqZWH4orGOo,L'Damian Washington,BIR,SD,20:00 2019-03-17,WR,4000
MpWMIkFb1L5PEgV4vYswWm1p0gEO,Gavin Escobar,SD,BIR,20:00 2019-03-17,TE,4300
MpF9nUlq2CazMaVnaXVN9Cxnes98,Marshaun Coprich,BIR,SD,20:00 2019-03-17,RB,3000
MpBhJ3CZ5O38V01ldy5ZOOR2aELp,Devon Cajuste,SD,BIR,20:00 2019-03-17,TE,3000
MoGqnWzwx3W0b0JDeLuMs4hRNaD4,Alek Torgersen,SD,BIR,20:00 2019-03-17,QB,5000
Mm0slpmHcp2rAoyy_YujtIOMalki,Kameron Kelly,SD,BIR,20:00 2019-03-17,WR,3000
Mnc8xISXCM-ArpeuLVABzhBG1xBr,Ben Johnson,SD,BIR,20:00 2019-03-17,TE,3500
MnSbN3NKTWGgbhSjjM2pzQ_20YJd,Marcus Baugh,SD,BIR,20:00 2019-03-17,TE,4400
Mm7AJ6Byhebu0DEBXteDAaFkzjWH,Luis Perez,BIR,SD,20:00 2019-03-17,QB,5100
MmvHKLCRyZq-N-Gt2TxaMx3PtX1B,Alex Ross,SD,BIR,20:00 2019-03-17,QB,5100
Ml9cOZHecV3pc9mEGX4ZR4Y6ZkMB,Amba Etta-Tawo,BIR,SD,20:00 2019-03-17,WR,3000
MkmAhau0FGwzGtqivpJVBbM_Rv34,Jahad Thomas,SD,BIR,20:00 2019-03-17,RB,3000
MkF5UPgoj0KxTC06w0oSTc74NNC8,Marcus McDade,BIR,SD,20:00 2019-03-17,QB,5000
Mg5pmFv_IbDbejfUsLji-uwwKVUv,Ladarius Perkins,BIR,SD,20:00 2019-03-17,RB,3500
MgScDthiAkbMTa0nRqP2xaxVF5BI,Kyle Lewis,SD,BIR,20:00 2019-03-17,WR,3000
MvqJnkN5sh8Byg8HsPF622BBTKGd,Bishop Sankey,SD,BIR,20:00 2019-03-17,RB,4100
MvmOLxRYf5EpHnnw3KboJ64aj5U8,Quinton Patton,BIR,SD,20:00 2019-03-17,WR,5300
Mvj-Md_UANIB0mUeSN6xIge4-xEg,Laquvionte Gonzalez,SD,BIR,20:00 2019-03-17,WR,3400
MsyVDBtdKsgCYjpATLWxD0sH7Blm,Ty Isaac,BIR,SD,20:00 2019-03-17,RB,3000
MuYoCSN_reGSvVl8Z35Cp34r5CNV,Jack Bramswig,BIR,SD,20:00 2019-03-17,WR,3000
MseOmwcB9ERo5Yb_5ejbYhmFxa5b,Keith Price,BIR,SD,20:00 2019-03-17,QB,5200
MtpaAkW1xD2OB6d8qJ8wyp5wSx5_,Nelson Spruce,SD,BIR,20:00 2019-03-17,WR,5600
Mq1RStymgc8cFWxr8p8ySYfeWKpF,Lonnie Outlaw,BIR,SD,20:00 2019-03-17,WR,3000
Mqs-U1gQrf9_eTiz3LS8GR68hjsZ,Ja'Quan Gardner,SD,BIR,20:00 2019-03-17,RB,5000
MqGR0OsIc73esNR_54QUDDV-b4cW,Weslye Saunders,BIR,SD,20:00 2019-03-17,TE,3000
MqG8mv-O0WxG7Ys9a-TXLeAlpKl4,Gary McKnight,SD,BIR,20:00 2019-03-17,WR,3000
Ml2aJyxkx7lwDR4azvYur9AdRB-0,Chris Wuestner,SD,BIR,20:00 2019-03-17,WR,3000
Mg1HYIc4h7TNc18_eROYoQ_2IyJC,Colin Thompson,BIR,SD,20:00 2019-03-17,TE,3000
Mg_WjBJbfsSmhgblX-ChTqgx2QNj,Denard Robinson,ATL,SA,16:00 2019-03-17,RB,3100
MgXuu1IplE-oQRh9H5EBHX0Uzs_J,Seantavius Jones,ATL,SA,16:00 2019-03-17,WR,5200
MhWfGz0IuyCRkiX-EAi-eMNBCiyi,Brandon Shed,SA,ATL,16:00 2019-03-17,WR,3000
MiCHa8E_-TOZ6Vdzl2vPkpsBAsI2,Malik Earl,SA,ATL,16:00 2019-03-17,WR,3000
MiIK7hSbu0NBdYcQyeRrXYckoMiR,Justin Thomas,ATL,SA,16:00 2019-03-17,WR,3000
MiUKbbFISV5aL8sntaxSOLtUpPRE,Logan Woodside,SA,ATL,16:00 2019-03-17,QB,5700
MjpjYSya6_frsZ8aGk_iDyL66DDV,Cam Clear,SA,ATL,16:00 2019-03-17,TE,3000
MkSQkA0DlgEoiwU955Ir2v-_UhEF,Darius Prince,SA,ATL,16:00 2019-03-17,WR,3000
MknoSN9MGmBuZzYLHMocyN2vdMN3,James Clark,ATL,SA,16:00 2019-03-17,WR,3000
Mof0DIIcKBs9BlqLq7I1kGSR4pnx,Keith Towbridge,ATL,SA,16:00 2019-03-17,TE,4000
Moh0d_KMCFYTe2--2roPBqgiZqV_,Dustin Vaughan,SA,ATL,16:00 2019-03-17,QB,5000
MpewpcPmXWw7dlR2o48Yu7NOKPbQ,Brandon Radcliff,ATL,SA,16:00 2019-03-17,RB,4500
MpRddErY_E8R7jc9BtPv9XlGkorE,Mekale McKay,SA,ATL,16:00 2019-03-17,WR,5800
Mouig89pVdE03nmLvHe4S9gpJ01y,John Diarse,SA,ATL,16:00 2019-03-17,WR,3000
Mo5PJj3nJoBn8YPg5DKijJXdAfXS,Carl Whitley,SA,ATL,16:00 2019-03-17,WR,3000
MmuNa1g5wLa6Qj-ndC8Iav3eT1xT,Malachi Jones,ATL,SA,16:00 2019-03-17,WR,5500
MmbkMuW2p6t8_L4aprsO3viyTzyY,Lawrence Pittman,ATL,SA,16:00 2019-03-17,RB,3200
Mkzk3MIyF7JAQcd78N4W7Duh2SUq,Ervin Philips,ATL,SA,16:00 2019-03-17,WR,3400
MkpKbd9cizc4HjHP8RKBiKXmRtUz,Peter Pujals,ATL,SA,16:00 2019-03-17,QB,5000
Mk5lf0dU6nBJfH5Gbsl59VPbwcyu,Montay Crockett,ATL,SA,16:00 2019-03-17,WR,3500
Mk4IH3V19RPzqhXq-wefiCcKGCg6,"Greg Ward, Jr.",SA,ATL,16:00 2019-03-17,WR,4300
MkC7GxwD0CX0H67Q0a5BtAMszQc8,Dalton Sturm,SA,ATL,16:00 2019-03-17,QB,5000
Mm2ZwVxSGkw3OqT1GyqzErHBxJeK,Charles Standberry Jr.,ATL,SA,16:00 2019-03-17,TE,3000
Mv1x5oSVJFjxcBN5MwJ58Fp7WOcf,Trey Williams,SA,ATL,16:00 2019-03-17,RB,4000
MhyVle_UIu23yo8WANee4OUPncIR,David Cobb,SA,ATL,16:00 2019-03-17,RB,3000
MhhKX-OyeMe8z_-2mAeojTPQur7g,Riley Smith,SA,ATL,16:00 2019-03-17,WR,3000
MgT56rsYAvlu70T8IUGLqULDIn4W,Josh Stewart,SA,ATL,16:00 2019-03-17,WR,3100
MgSBuTO_lMSM8QMHzELn3XamvjiG,Kyle Allen,SA,ATL,16:00 2019-03-17,QB,5000
MjqXp-M0egZj0qqf9VW--WdOhYOU,James Quick,ATL,SA,16:00 2019-03-17,WR,3200
Mgb_UtvY7qtHpPKINg1QkU5ov9OJ,Stehly Reden,SA,ATL,16:00 2019-03-17,TE,3200
MvipIa5L9gbYdZQ29j_alrn4nZHC,Cole Hunt,SA,ATL,16:00 2019-03-17,TE,3100
MuzB8aju0aGjhWzwt81_5-k3bWva,De'Marcus Ayers,SA,ATL,16:00 2019-03-17,WR,4600
MvWci2BzKuGbiHfQ_GdyMZb3AtJo,Daryl Richardson,SA,ATL,16:00 2019-03-17,RB,3000
Muu-O7tNx67WRO10jxjMo9sXHK3a,Speedy Noil,SA,ATL,16:00 2019-03-17,WR,3000
MuFzhKGMHfLzIjrXrapTwDVc1-nX,Alonzo Moore,SA,ATL,16:00 2019-03-17,WR,4500
MupH198whtLyGoCnan_zhuBONP-0,Marquise Williams,SA,ATL,16:00 2019-03-17,QB,5000
MtH3-LPouTERsZVdNt76JXxktD7N,Jake Hubenak,SA,ATL,16:00 2019-03-17,QB,5000
MsbPuETToV8YVFQPwTrERk9SgJlw,Aaron Green,SA,ATL,16:00 2019-03-17,RB,3000
MsQPaUeKdRzJSNKUmf9eYi6fhFDv,"Kenneth Farrow, II",SA,ATL,16:00 2019-03-17,RB,6100
Mr5k7hAZFnvFAoDhfOnpMECSCZeC,Tarean Folston,ATL,SA,16:00 2019-03-17,RB,5800
MrC4LfT3GwLOnCAWsvExRaRLyldW,Jake Sutherland,ATL,SA,16:00 2019-03-17,TE,3000
MrCulWiIV_vBdrkYTrojBDpun75X,Aaron Murray,ATL,SA,16:00 2019-03-17,QB,6600
MrheAoooRuZ0B2xqcIr7XnBLZDoW,Matt Simms,ATL,SA,16:00 2019-03-17,QB,5200
Mtccg6qR_cXjZPWD-JqIMgEmOgXU,Stephen Hill,ATL,SA,16:00 2019-03-17,WR,3000
Mq-GmGW4EfGjMYsrlxSJKz4Rpa6d,Bug Howard,ATL,SA,16:00 2019-03-17,WR,3600
Mq5jqU-HbUqVHtCp9BI77nm6KnRB,Bernard Reedy,ATL,SA,16:00 2019-03-17,WR,3000
Mp30XHE6WaeCGjZAycOZ50NgWvu2,Evan Rodriguez,SA,ATL,16:00 2019-03-17,TE,3000
Mp3zvfSwOo1W0Pu37w7W0tEq-jEF,Deniko Carter,ATL,SA,16:00 2019-03-17,WR,3000
Mq1PLV5lOhdKtKO1E4E8csP5AGe-,Darius Powe,ORL,ARI,20:00 2019-03-16,WR,3000
MnW1pnxhq1tu9cMCejhSxbh5LHKQ,Samajie Grant,ARI,ORL,20:00 2019-03-16,RB,3000
MmdTzyAXr_06YKM9MvkpiX6Pysbd,Jalin Marshall,ORL,ARI,20:00 2019-03-16,WR,5400
MgiboeFU3bSFzK6KxPa-Xr10FHAw,Larry Rose III,ARI,ORL,20:00 2019-03-16,RB,3000
Mhbe28QXW-wYnR-q3KPOP8y4ydgD,Tim Cook,ARI,ORL,20:00 2019-03-16,RB,3400
MiHUI6U2HGfaMX3s0w6-GEg1ERms,Joseph Fauria,ARI,ORL,20:00 2019-03-16,TE,3000
MkJMaeehojJ_G2FTn43DdskqOBtE,Richard Mullaney,ARI,ORL,20:00 2019-03-16,WR,3000
MrC-mlcr-mSePbIBVLTOeXgH2s6b,Gerald Christian,ARI,ORL,20:00 2019-03-16,TE,3200
MrSQS2wxF2mfqsspmu9k1xp0T5Ua,Anthony Amos,ARI,ORL,20:00 2019-03-16,WR,3000
MriNVkKuGd_7mZC31wwRWv2aZvyt,Terron Ward,ARI,ORL,20:00 2019-03-16,RB,3000
MsVVZ3LC_heuEr4PWNhGVHQeCy2Z,Corey Willis,ARI,ORL,20:00 2019-03-16,WR,3000
Mkc9kzRcckURCNXUWL-BkPIv-4il,Frankie Hammond,ORL,ARI,20:00 2019-03-16,WR,3000
MlV-02inUXrsEEpYRJOewDTYBKEj,Ishmael Hyman,ORL,ARI,20:00 2019-03-16,WR,3100
Mmmqlsepsal_J3NtkYLJF8G3nqSq,Stephen Morris,ORL,ARI,20:00 2019-03-16,QB,5000
MpRU0C_0yu9AV3-irCNvEP4ik4Cu,Cobi Hamilton,ARI,ORL,20:00 2019-03-16,WR,3000
Moi9AWTLwLF-WmHNRk8tzww8hRT8,Scott Orndoff,ORL,ARI,20:00 2019-03-16,TE,4500
MoeMfNlZEYBPr7ka0PjOdeR7HMP4,Freddie Stevenson,ORL,ARI,20:00 2019-03-16,RB,3000
MoGqBldvEW-p3_ryF0QTr1kfy6r_,"Kenneth Walker, III",ARI,ORL,20:00 2019-03-16,WR,3000
Mm7snAx05W5tu1iKEJZ1r5GxNG-z,Rashad Ross,ARI,ORL,20:00 2019-03-16,WR,7600
Mm0riXVGYMOcU0-4HX2X9MACj5kz,Brandon Doughty,ARI,ORL,20:00 2019-03-16,QB,5000
Mlkn1pQPSwR3LemN-XCL48ySzaYZ,Chris Thompson,ORL,ARI,20:00 2019-03-16,WR,3100
Mljhybw7om52eXm6ZeD_ANOK77jn,Matt Weiser,ORL,ARI,20:00 2019-03-16,TE,3000
MlcxcyvoaMkgMadxjz-PrXKAmhCJ,Ryan Green,ORL,ARI,20:00 2019-03-16,RB,3000
MkiXHB9MYn5EIMB45S7Fibn3RG3M,Sean Price,ORL,ARI,20:00 2019-03-16,TE,3000
Mj3fRB3AVS12OCsIskMz_0PDffQy,Quinn McQueary,ARI,ORL,20:00 2019-03-16,QB,5000
MjettGyZJjFuU3x_kJi48USJ-Rrp,"Louis Murphy, Jr.",ORL,ARI,20:00 2019-03-16,WR,3000
MkPvvbYvaVNNPxdSnPAYxFKkEa0Y,John Wolford,ARI,ORL,20:00 2019-03-16,QB,6000
MghafSFsmMJEqEbj9V32CpQYylAK,Deandre Goolsby,ORL,ARI,20:00 2019-03-16,TE,3000
Mg4AHqskdCcKzLq-LxVL4JwlkGWh,Mark Herndon,ORL,ARI,20:00 2019-03-16,RB,3000
MgWqgIYh39TaLl2VCdS8tsfiVWxV,D'Ernest Johnson,ORL,ARI,20:00 2019-03-16,RB,5700
MvM6zxqfCqHooC6YhCoxuaHlBAMU,Trevor Knight,ARI,ORL,20:00 2019-03-16,QB,5000
MvRJwCF7_74J3VsAWRubhjoJgHM5,Bryce Williams,ARI,ORL,20:00 2019-03-16,TE,3000
MvMPK87RjthDpgkxi-5PMRJI56FG,Marquis Bundy,ARI,ORL,20:00 2019-03-16,WR,4400
Mu3ahBJhqQJBfhINO9AsuKwQQjAu,Jaelen Strong,ARI,ORL,20:00 2019-03-16,WR,3000
Mu0CsHf-olJEt5aQgvVNLyXY3QIx,Deion Holliman,ARI,ORL,20:00 2019-03-16,WR,3000
Mvos-CiReB7Xgv_4M0LSY8WsAuH8,Charles Johnson,ORL,ARI,20:00 2019-03-16,WR,8000
Muh23P6Whs1oYp8njPCCEt0psh-G,Akeem Hunt,ORL,ARI,20:00 2019-03-16,RB,4600
MtrMUn2A9gmLtX-r9HO6AkYUy6XR,Rannell Hall,ORL,ARI,20:00 2019-03-16,WR,4700
Mt0Ys7B1YbqS9FIrnOpWzssu2FCJ,Eli Jenkins,ARI,ORL,20:00 2019-03-16,QB,5000
MsuqKLUycZ4oZeSa_8mp-GpOy_Gd,Connor Hamlett,ARI,ORL,20:00 2019-03-16,TE,3000
MuV61fWM6sA0uQR9zlLTFTE5KrTp,Willie Quinn,ORL,ARI,20:00 2019-03-16,WR,3000
Msab37KDSF5Dmhxdpo2luJzxkEiP,Justin Stockton,ARI,ORL,20:00 2019-03-16,RB,3300
MrbAjODhVSr6W7hTaAmC8u0WN9pK,Freddie Martino,ARI,ORL,20:00 2019-03-16,WR,3900
MrcbTGRfExX6jV5TIlzBA0U5Hj2E,De'Veon Smith,ORL,ARI,20:00 2019-03-16,RB,5500
Mtd5_MUsT9kODDCWx2Xbgr5IqD5c,Kevin Anderson,ORL,ARI,20:00 2019-03-16,QB,5000
Mqov-trF95R18wq3KsfAxd4YinmG,Jhurell Pressley,ARI,ORL,20:00 2019-03-16,RB,5300
Mqnq5l339f1e7sM0Ypu4qHaoIBdh,Austin Appleby,ORL,ARI,20:00 2019-03-16,QB,5000
MqGd44MUMsf1cWf9eclgu5gZxo_b,Garrett Gilbert,ORL,ARI,20:00 2019-03-16,QB,7100
MrxsVJwCGFXBajsksqfAYwPZbFtK,Donteea Dye Jr.,ORL,ARI,20:00 2019-03-16,WR,3200
Mq_R498PrH4WBG5Q138b6sQggVKp,Jack Heneghan,ARI,ORL,20:00 2019-03-16,QB,5000
Mpz1d05mfi4t5VeyehpsANqewBsr,Thomas Duarte,ARI,ORL,20:00 2019-03-16,TE,3600
MqCPKOT_ZV5JF4DiAFXApaaqOtlf,Cam  Serigne,ARI,ORL,20:00 2019-03-16,TE,3000
MgL4D_RHJ9sR9_cgr7jc_wknKh73,Sam Mobley,SL,MEM,16:00 2019-03-16,WR,3000
MhUElmUUm5ItoKzS_lLIuWNenhRM,De'Mornay Pierson-El,SL,MEM,16:00 2019-03-16,WR,6000
MlYbA1bE5pTsO11ZvxV5Nn1xsrYI,Ryan Timmons,MEM,SL,16:00 2019-03-16,WR,3000
Mnkh1iQb4Y5isX532bIn6EImwKO-,Brandon Silvers,MEM,SL,16:00 2019-03-16,QB,5000
Mt4gflZxeBPVG4lzKOMS1mXCg5_l,Dillon Beard,MEM,SL,16:00 2019-03-16,TE,3000
Mpc5pPtq5oFQrAk8nDVXnbKV4P1D,Gerrard Sheppard,MEM,SL,16:00 2019-03-16,WR,3500
MpZypZ4X4DO9uNQNzutAgaUT0XKI,Dontez Byrd,MEM,SL,16:00 2019-03-16,WR,3900
MoMskxw0NVnEJyzzdBGN1Ktv5iPx,Nick Stevens,SL,MEM,16:00 2019-03-16,QB,5000
MoIfI6pzRT6PEupCPEz5uDPNSp9E,Joel Bouagnon,SL,MEM,16:00 2019-03-16,RB,6400
Mn4R-c0RduILnqgZnvZjH3Jd8MVD,Chris Givens,MEM,SL,16:00 2019-03-16,WR,3000
Mop_drX-yj7HIefEAlUHoDVCH_iA,Matt Asiata,SL,MEM,16:00 2019-03-16,RB,3200
Mod3ITzCEzVq2YrkIKTVKWI4zUeO,Tyler Hoppes,SL,MEM,16:00 2019-03-16,TE,3000
MnvL6-GbEKvM2KNii88YtoXpeeCF,Jordan Leslie,SL,MEM,16:00 2019-03-16,WR,3000
MnFNOyNyHw3fXrcKp2lxuEu1-nwP,"Alton ""Pig"" Howard",MEM,SL,16:00 2019-03-16,WR,4100
Mn5pHXBrCRitfw2C4tMKBJBXZfQc,Korey Robertson,SL,MEM,16:00 2019-03-16,WR,3000
Mnjlocn69S4cbFWfnc07dyXJTfiJ,Joe Williams,SL,MEM,16:00 2019-03-16,RB,3000
MnhMeRsiWw6LMqSeT11jQLPbC19v,Adonis Jennings,SL,MEM,16:00 2019-03-16,WR,3700
MnZyXGX8iVvUgvjJtqLho4ON0yH6,Nick Truesdell,SL,MEM,16:00 2019-03-16,TE,4700
MmdtBPUESCj6etrJlxQqHVJwRPKO,Kenny Hilliard,MEM,SL,16:00 2019-03-16,RB,3000
MmMr1PqQzXo0ZVHk39O2j4ktgFhu,Adrien Robinson,MEM,SL,16:00 2019-03-16,TE,3000
MmIr6_Tggdgd2yO-XQnxLDtzVPS1,Tanner Balderree,SL,MEM,16:00 2019-03-16,TE,3000
Mjwho2KhxUh6xpMCmX3U-V_km0UF,Damore'ea Stringfellow,MEM,SL,16:00 2019-03-16,WR,3000
MjnRSiLQsYyZvE5hxod1B0h_Ignj,Zach Mettenberger,MEM,SL,16:00 2019-03-16,QB,5900
Mv78XJQcm2iMIRm38XWREbfs4rvz,Kaelin Clay,SL,MEM,16:00 2019-03-16,WR,3100
MjQz3RHcgjyoXXVYFkrbYJBL3yvn,Zac Stacy,MEM,SL,16:00 2019-03-16,RB,6500
MhrAJwyKga3UBoK-J_v307TucpTf,Troy Cook,MEM,SL,16:00 2019-03-16,QB,5000
MhpQ_EdOOdPGE72Xu2X1U6pw4jKi,Terrell Newby,SL,MEM,16:00 2019-03-16,RB,3600
Mv5aLcnX86bjZaa2ms87A1SdYdZd,Terrence Magee,MEM,SL,16:00 2019-03-16,RB,3100
Mg89OyTmItplfDaiI18qnQn6A-Kr,Brandon Barnes,MEM,SL,16:00 2019-03-16,TE,3100
Mg8t9oQKqwdsKIyXSmqRSW_X70cM,Devin Lucien,MEM,SL,16:00 2019-03-16,WR,3800
Mg7ESCLcQeEi-Z0oZGFiwY2--zlS,Josh Woodrum,SL,MEM,16:00 2019-03-16,QB,5500
MqUNgf7DkM8xOxpVt6pmQt79ZCm4,Shane Wynn,SL,MEM,16:00 2019-03-16,WR,3000
MhRTrUtStQOpZRmQASCkBgV0fhIJ,Reece Horn,MEM,SL,16:00 2019-03-16,WR,5000
MvvjScH-3vsslt5_WLNxjEcYd7wj,Matt Linehan,SL,MEM,16:00 2019-03-16,QB,5000
MhfUsZoRzun-PJwfaZuaJS10nFTd,Brian Tyms,SL,MEM,16:00 2019-03-16,WR,4100
MvdQj0NQKoSmrIjc3Q2-3fqrLLc3,Kendal Thompson,SL,MEM,16:00 2019-03-16,WR,3000
MvZ6gLtpamosPsiiexXMnTl1DlPa,Christian Briggs,MEM,SL,16:00 2019-03-16,WR,3000
MvTT4xOoMN8rnyOaC30nCg5GEUA7,Larry Donnell,MEM,SL,16:00 2019-03-16,TE,3000
Mul2mvkoQSqrfJpTvU04gOWesuV-,Cordon Moog,MEM,SL,16:00 2019-03-16,RB,3000
MugplZamc2FccLEXfQhqTP78rMH0,Anthony Denham,SL,MEM,16:00 2019-03-16,TE,3300
MuHSfKeQrOoI1ClJnN-FfEA8b7H-,Austin Allen,SL,MEM,16:00 2019-03-16,QB,5200
Mt8qaE2AsIDmodlxS6QH8H-BvJsU,Ryan Mallet,MEM,SL,16:00 2019-03-16,QB,5000
MslD5In5tqTq-Wa_R1hyVprcNKb6,Christian Hackenberg,MEM,SL,16:00 2019-03-16,QB,5000
MuShKYY0K9EeX6CMhI3AqqdV8t4e,Kenny Bell,SL,MEM,16:00 2019-03-16,WR,4200
MtSJTnGpkivopNJBMTr_0CszuGay,Darryl Richardson,MEM,SL,16:00 2019-03-16,TE,3000
MtF3S8heBWTIt-sqIhfmnCuWqGBm,Drew Morgan,MEM,SL,16:00 2019-03-16,WR,3000
MoMLwv0BMkB3spUFMbLxO_bsFEQ3,Sherman Badie,MEM,SL,16:00 2019-03-16,RB,3800
MsSW7k2bvNdN0P0l5GxNqN339QSX,Anthony Manzo-Lewis,MEM,SL,16:00 2019-03-16,RB,3000
MruASXlN9ksMnvFg3zcDg_6dISTx,Austin Traylor,SL,MEM,16:00 2019-03-16,TE,3000
MtTXt5qR6aXBn7AhYtdhdMbDZTQu,Javontee Herndon,MEM,SL,16:00 2019-03-16,WR,3000
